Customer ID,Gender,Age,Hours at Gym (per week),Fitness Goal,Average Spend on Apparel ($/year),Type of Apparel Purchased,Primary Apparel Purchase Channel
221958,Female,27,7.3,Build muscle,643.34,Accessories,Brand Website
771155,Female,24,6.2,Endurance training,659.13,Leisure,Physical Retailer
231932,Male,22,7.4,Fat loss,761.12,Performance,Physical Retailer
465838,Female,23,6.0,Build muscle,234.87,Performance,E-commerce Retailer
359178,Female,18,9.3,Build muscle,539.69,Leisure,E-commerce Retailer
744167,Male,23,5.7,Flexibility,818.03,Outerwear,Physical Retailer
210268,Male,30,5.5,Build muscle,867.62,Performance,Brand Website
832180,Female,26,6.9,Fat loss,587.83,Accessories,Physical Retailer
154886,Male,32,7.0,Fat loss,868.63,Accessories,E-commerce Retailer
237337,Male,24,,Build muscle,865.06,,Physical Retailer
621430,Female,31,5.4,Build muscle,684.46,Performance,Brand Website
187498,Male,29,5.8,Build muscle,895.53,Leisure,Brand Website
999159,Male,25,4.4,General health,699.35,Footwear,Physical Retailer
275203,Male,24,7.3,Fat loss,635.62,Performance,Brand Website
291335,Female,26,,Endurance training,251.09,Performance,E-commerce Retailer
378167,Male,30,4.3,Flexibility,865.03,,E-commerce Retailer
141090,Female,29,,General health,563.29,Footwear,Physical Retailer
429365,Male,28,6.699999999999999,Fat loss,547.7,Accessories,Physical Retailer
164820,Female,22,7.0,Fat loss,303.55,Performance,Physical Retailer
887201,Male,22,6.5,Endurance training,584.06,Footwear,E-commerce Retailer
421879,Female,25,3.9,Endurance training,579.58,Performance,Physical Retailer
818315,Male,24,7.4,Fat loss,835.77,Footwear,Physical Retailer
427069,Other,29,5.1,Endurance training,386.92,Leisure,Physical Retailer
876997,Female,21,8.600000000000001,Build muscle,442.38,Performance,Physical Retailer
299041,Male,26,5.6,Fat loss,595.3,Footwear,Physical Retailer
891743,Female,25,5.699999999999999,Build muscle,526.59,Accessories,Physical Retailer
203355,Male,44,7.3,Build muscle,758.55,Performance,Physical Retailer
335796,Male,31,5.7,Build muscle,865.06,Outerwear,Physical Retailer
314176,Male,23,5.9,Endurance training,832.35,Performance,Physical Retailer
284779,Male,19,8.7,Fat loss,747.12,Performance,Brand Website
447449,Male,29,6.2,Build muscle,733.86,Performance,Physical Retailer
521909,Male,21,6.2,Fat loss,632.53,Outerwear,Physical Retailer
358795,Female,20,7.800000000000001,Fat loss,280.48,Leisure,Physical Retailer
586232,Male,24,8.2,Build muscle,868.88,Performance,E-commerce Retailer
600186,Male,25,3.6,Endurance training,937.67,Footwear,Brand Website
256730,Male,27,4.5,General health,753.44,Yoga,Physical Retailer
970910,Male,34,5.9,General health,701.47,Outerwear,Brand Website
484681,Male,32,4.6,Endurance training,638.25,,Physical Retailer
249503,Female,28,6.4,Fat loss,386.86,Yoga,Physical Retailer
754811,Male,27,7.2,Build muscle,644.03,Footwear,E-commerce Retailer
627035,Male,28,7.7,Build muscle,1077.3,Performance,Physical Retailer
748143,Male,30,5.3,Build muscle,603.85,Performance,Physical Retailer
552366,Male,31,5.0,Flexibility,841.05,Performance,E-commerce Retailer
165725,Female,22,8.6,Build muscle,660.46,Performance,E-commerce Retailer
229981,Male,24,7.1,Build muscle,889.86,Outerwear,E-commerce Retailer
184654,Female,21,,General health,519.18,Leisure,E-commerce Retailer
691723,Other,40,5.8,Flexibility,738.65,Yoga,E-commerce Retailer
419030,Male,37,6.4,General health,592.73,,Physical Retailer
428947,Female,27,5.5,Build muscle,573.78,Performance,Brand Website
655839,Male,29,5.1000000000000005,Build muscle,1025.92,Outerwear,Brand Website
373538,Female,33,6.2,Build muscle,739.45,,E-commerce Retailer
431236,Male,20,6.8,Build muscle,629.14,Performance,E-commerce Retailer
628178,Female,27,6.4,Build muscle,368.69,Outerwear,Brand Website
665894,Male,18,8.5,Fat loss,652.89,Performance,Physical Retailer
589492,Male,20,4.6,Flexibility,782.95,Accessories,E-commerce Retailer
356840,Male,23,7.199999999999999,Build muscle,1039.87,Performance,E-commerce Retailer
573254,Female,29,,Endurance training,347.43,Performance,Physical Retailer
449457,Female,25,4.3,Endurance training,354.09,Performance,E-commerce Retailer
765987,Female,22,8.4,Build muscle,621.45,Yoga,Physical Retailer
370936,Male,27,5.3,Endurance training,712.53,,Physical Retailer
339931,Female,29,6.2,Build muscle,531.78,Performance,Physical Retailer
339629,Male,26,7.7,Build muscle,830.11,Outerwear,Physical Retailer
305041,Male,18,5.1,General health,484.61,Performance,Brand Website
798361,Male,23,8.7,Build muscle,698.97,Accessories,E-commerce Retailer
831912,Female,30,,Flexibility,401.88,Yoga,E-commerce Retailer
517113,Male,29,4.5,Build muscle,718.06,Yoga,E-commerce Retailer
168148,Female,22,7.699999999999999,Fat loss,751.8,Accessories,Physical Retailer
877089,Female,21,7.1,Fat loss,689.62,Performance,Physical Retailer
748531,Male,33,6.3,Build muscle,788.47,Accessories,Physical Retailer
351995,Male,32,,Build muscle,997.02,Performance,Brand Website
778843,Male,29,5.9,Endurance training,695.53,Footwear,Physical Retailer
672843,Male,27,5.8,General health,1079.63,Performance,Brand Website
356508,Male,21,4.8,General health,699.3,Yoga,Brand Website
903591,Male,41,7.2,Fat loss,813.38,Footwear,E-commerce Retailer
996942,Female,20,6.2,General health,602.86,Performance,Brand Website
206530,Male,32,6.3,Endurance training,818.51,Leisure,E-commerce Retailer
704365,Female,30,6.8,General health,922.6,Accessories,Physical Retailer
922352,Female,29,5.699999999999999,Fat loss,745.85,Accessories,E-commerce Retailer
560337,Female,33,3.8,Endurance training,583.37,Performance,Brand Website
824839,Female,22,6.0,General health,875.47,Leisure,Physical Retailer
905889,Female,23,7.0,Build muscle,161.6,Accessories,Physical Retailer
559773,Male,27,6.4,General health,727.4,Footwear,E-commerce Retailer
308261,Male,21,8.2,Fat loss,904.88,Performance,Physical Retailer
864469,Female,34,7.2,Build muscle,602.82,Yoga,Physical Retailer
441097,Female,29,7.6,Build muscle,721.1,Outerwear,E-commerce Retailer
415139,Male,29,7.800000000000001,Build muscle,780.92,Outerwear,Physical Retailer
271829,Male,25,5.8,Fat loss,870.92,Performance,Brand Website
371836,Male,20,,General health,391.63,Yoga,Physical Retailer
538974,Female,32,6.1,Build muscle,714.1,Performance,Physical Retailer
302283,Male,23,5.2,General health,627.54,Accessories,Physical Retailer
296769,Male,33,6.0,General health,848.65,Yoga,Physical Retailer
661353,Male,25,6.6,Build muscle,644.55,Performance,Brand Website
323165,Male,26,4.9,General health,671.68,Outerwear,Physical Retailer
723587,Female,26,4.9,Flexibility,654.78,Accessories,E-commerce Retailer
635822,Male,29,5.1,General health,642.15,Performance,Physical Retailer
587879,Female,19,6.2,General health,493.72,Accessories,Physical Retailer
664685,Male,27,4.4,Flexibility,620.99,Yoga,Brand Website
882038,Female,32,4.0,Endurance training,810.06,Performance,Physical Retailer
453531,Male,26,4.7,Build muscle,952.69,Performance,Brand Website
363160,Male,33,,General health,605.59,Performance,Physical Retailer
679879,Female,26,4.3,Endurance training,599.68,Performance,Physical Retailer
320884,Other,27,6.1,Fat loss,957.37,Footwear,E-commerce Retailer
123247,Female,32,5.5,Build muscle,649.78,Performance,Brand Website
124300,Female,23,7.5,General health,521.77,Footwear,Physical Retailer
567281,Female,40,3.7,Build muscle,514.19,Yoga,Physical Retailer
707086,Male,35,5.5,Flexibility,967.69,Leisure,Physical Retailer
633556,Other,20,7.2,Build muscle,578.59,Leisure,E-commerce Retailer
448951,Male,20,,Build muscle,777.48,Performance,Physical Retailer
374329,Female,36,6.9,Fat loss,496.8,Footwear,Brand Website
819064,Female,29,6.6,Build muscle,683.37,Accessories,Physical Retailer
842139,Female,18,5.7,Endurance training,731.73,Performance,Physical Retailer
532315,Male,28,4.6,Flexibility,671.81,Leisure,Brand Website
616588,Male,25,,General health,731.45,Outerwear,Physical Retailer
336584,Female,25,6.6,Build muscle,715.11,Performance,Physical Retailer
662332,Male,30,5.8999999999999995,Build muscle,811.56,Accessories,Physical Retailer
937646,Other,30,5.3,General health,894.74,Leisure,Brand Website
476896,Female,34,7.0,Flexibility,662.56,Leisure,Physical Retailer
148984,Male,28,8.8,Fat loss,706.6,Footwear,Physical Retailer
402918,Female,31,6.800000000000001,Fat loss,879.57,Footwear,Physical Retailer
364712,Male,21,7.1,Build muscle,981.81,Performance,E-commerce Retailer
220151,Female,24,7.9,General health,491.71,Performance,Brand Website
555808,Female,23,5.9,Endurance training,579.6,Performance,E-commerce Retailer
233767,Male,31,4.7,Build muscle,842.47,Performance,Physical Retailer
748663,Male,30,6.2,Build muscle,784.69,Outerwear,E-commerce Retailer
803550,Female,41,3.4,General health,787.79,Leisure,Physical Retailer
236330,Male,21,5.8999999999999995,Build muscle,875.16,Outerwear,Physical Retailer
580754,Female,26,5.1,Build muscle,349.2,Leisure,E-commerce Retailer
401648,Male,31,8.3,Fat loss,817.5,Footwear,E-commerce Retailer
788519,Male,19,7.4,Build muscle,645.33,Performance,Physical Retailer
113986,Male,19,,Build muscle,723.03,Accessories,Brand Website
686146,Male,34,5.5,General health,1065.49,Footwear,Physical Retailer
229312,Male,21,5.3,General health,936.49,Footwear,E-commerce Retailer
112666,Female,32,,General health,726.24,Performance,Physical Retailer
400804,Male,34,5.3,General health,853.46,Performance,Physical Retailer
234633,Male,22,10.3,Fat loss,700.83,Performance,E-commerce Retailer
388998,Male,29,3.7,General health,769.91,Footwear,E-commerce Retailer
950937,Male,29,6.1000000000000005,Build muscle,788.31,Performance,Physical Retailer
728776,Male,25,4.0,Endurance training,882.44,Performance,Physical Retailer
807611,Female,27,3.9,Flexibility,394.67,Yoga,E-commerce Retailer
384806,Female,31,3.9000000000000004,Build muscle,508.37,Performance,Physical Retailer
894824,Male,26,4.9,Build muscle,587.09,,E-commerce Retailer
130535,Female,20,8.6,Fat loss,522.3,Footwear,Physical Retailer
475713,Female,29,5.5,Build muscle,556.8,Accessories,Physical Retailer
938688,Male,22,8.6,Build muscle,892.83,Performance,Physical Retailer
451279,Female,30,5.2,General health,565.76,Outerwear,Physical Retailer
921654,Other,21,,Flexibility,517.75,Performance,E-commerce Retailer
701661,Male,21,6.1,Fat loss,608.44,Performance,Physical Retailer
747972,Male,25,,Build muscle,637.52,Performance,Physical Retailer
589570,Female,34,4.7,Build muscle,582.16,Performance,Physical Retailer
556551,Female,31,5.2,General health,922.06,Yoga,Physical Retailer
373109,Male,22,9.1,Fat loss,674.57,Performance,Physical Retailer
124538,Female,18,8.0,Build muscle,238.34,Accessories,Physical Retailer
994498,Female,28,5.699999999999999,Fat loss,723.61,Footwear,Physical Retailer
301664,Female,29,6.0,Build muscle,669.31,Leisure,E-commerce Retailer
591234,Female,30,7.2,Fat loss,398.31,Footwear,E-commerce Retailer
999684,Female,33,3.9,General health,294.05,Performance,Physical Retailer
239182,Male,25,7.8,Fat loss,840.88,Footwear,Physical Retailer
572525,Male,31,7.1,Endurance training,954.57,Outerwear,Physical Retailer
258338,Female,25,5.300000000000001,Build muscle,102.51,Performance,Physical Retailer
284064,Female,32,5.8,General health,508.36,Yoga,E-commerce Retailer
314020,Male,31,4.5,Endurance training,843.76,Performance,Physical Retailer
723094,Female,21,7.4,Build muscle,504.79,Yoga,Physical Retailer
997421,Female,27,,Fat loss,501.88,Performance,Physical Retailer
715270,Male,31,4.2,Build muscle,808.28,Outerwear,Physical Retailer
745914,Female,39,5.3,General health,375.82,Performance,Brand Website
219176,Female,21,7.199999999999999,Fat loss,259.04,Footwear,Physical Retailer
318126,Female,28,5.5,Flexibility,810.51,,Brand Website
318969,Male,32,7.0,Build muscle,573.87,,E-commerce Retailer
222409,Male,33,3.1,General health,801.5,Accessories,E-commerce Retailer
647707,Female,25,4.3,Endurance training,777.32,Accessories,E-commerce Retailer
353618,Male,27,6.7,General health,753.35,Accessories,E-commerce Retailer
869598,Male,37,4.2,Build muscle,860.38,Accessories,Physical Retailer
150015,Male,29,6.8999999999999995,Fat loss,900.42,Footwear,E-commerce Retailer
872838,Male,32,6.9,General health,783.18,Outerwear,Brand Website
222096,Male,18,9.100000000000001,Build muscle,513.0,Leisure,Brand Website
731347,Male,20,6.8,Build muscle,655.24,Performance,E-commerce Retailer
285340,Male,36,5.7,Fat loss,934.47,Footwear,Brand Website
210687,Male,18,8.7,Fat loss,388.94,Footwear,E-commerce Retailer
974371,Female,23,7.2,Build muscle,419.97,Performance,Physical Retailer
511357,Female,25,5.3999999999999995,Build muscle,517.31,Yoga,E-commerce Retailer
835716,Male,33,4.5,Build muscle,997.43,Performance,Physical Retailer
205878,Female,21,5.8,General health,562.28,Performance,Physical Retailer
827270,Male,28,3.6,Endurance training,490.79,Footwear,Brand Website
298286,Female,24,8.3,General health,294.05,Leisure,E-commerce Retailer
873290,Female,18,5.7,Flexibility,301.15,Yoga,Brand Website
874684,Other,31,7.4,Fat loss,215.72,Footwear,Physical Retailer
264899,Female,25,,Build muscle,501.69,Performance,Physical Retailer
424767,Female,32,5.8,Build muscle,474.59,Performance,Brand Website
961882,Female,21,5.7,Build muscle,246.39,Performance,Physical Retailer
979858,Male,22,6.5,Flexibility,677.11,Accessories,Brand Website
479989,Male,24,6.3,Fat loss,943.31,Accessories,E-commerce Retailer
515515,Female,42,5.9,Build muscle,730.7,Performance,Physical Retailer
143585,Male,26,6.8,Build muscle,665.93,Outerwear,Physical Retailer
471369,Female,30,6.7,Fat loss,573.48,Accessories,Physical Retailer
164044,Male,25,3.6,Endurance training,576.46,Performance,Physical Retailer
542296,Male,32,6.0,Build muscle,821.96,Outerwear,Physical Retailer
209556,Male,29,6.5,Flexibility,974.23,Footwear,E-commerce Retailer
626981,Male,33,5.5,Fat loss,772.27,Outerwear,Brand Website
981691,Female,20,,Build muscle,432.33,Performance,Brand Website
867595,Male,22,,General health,925.99,Performance,Physical Retailer
300235,Male,34,6.7,Build muscle,1052.86,Leisure,Physical Retailer
125939,Male,31,4.0,Flexibility,703.06,Yoga,Physical Retailer
252906,Male,32,5.6,Flexibility,728.22,Accessories,Physical Retailer
642335,Female,25,5.5,General health,378.65,Outerwear,E-commerce Retailer
388249,Male,32,4.8,General health,1043.28,Performance,Brand Website
175766,Female,24,8.6,Build muscle,447.31,Performance,Physical Retailer
508923,Female,28,4.3,Flexibility,676.69,Performance,Physical Retailer
515192,Female,31,6.4,Fat loss,401.78,Performance,Physical Retailer
668550,Female,20,6.5,General health,865.96,Leisure,E-commerce Retailer
487261,Female,21,6.5,Flexibility,264.88,Yoga,Physical Retailer
910208,Other,38,5.9,Flexibility,924.59,Yoga,E-commerce Retailer
785440,Male,31,,General health,949.16,Performance,Physical Retailer
752664,Male,28,6.4,Build muscle,879.21,Performance,Brand Website
554589,Male,24,4.7,Flexibility,684.73,Yoga,Brand Website
237848,Male,25,5.1,Endurance training,807.36,Performance,Physical Retailer
717075,Female,25,4.5,Flexibility,504.92,Outerwear,Physical Retailer
227948,Female,25,7.1,Endurance training,432.83,Accessories,Brand Website
679304,Male,26,6.2,Build muscle,760.66,,Physical Retailer
502690,Male,22,7.5,Build muscle,734.64,Performance,Physical Retailer
599046,Male,25,7.8,Fat loss,795.07,Yoga,Brand Website
551269,Female,23,5.9,General health,214.89,Yoga,Physical Retailer
121959,Female,29,6.2,Build muscle,898.74,Performance,E-commerce Retailer
760890,Male,35,6.7,Fat loss,888.66,Leisure,Physical Retailer
850216,Female,26,6.4,Build muscle,446.71,Performance,E-commerce Retailer
890180,Female,21,5.7,General health,413.38,Accessories,Physical Retailer
328576,Male,25,5.8,Fat loss,860.11,Performance,Physical Retailer
637833,Female,21,6.6,Build muscle,550.62,Performance,Physical Retailer
265838,Female,28,5.5,Build muscle,214.8,Performance,Physical Retailer
435674,Male,25,3.7,Build muscle,777.77,Performance,Physical Retailer
979989,Male,32,6.0,Fat loss,875.79,Footwear,Physical Retailer
161087,Male,33,6.7,Build muscle,744.95,Performance,Physical Retailer
693128,Male,31,6.5,Build muscle,741.44,Outerwear,Brand Website
218451,Female,20,6.5,Flexibility,399.8,Yoga,E-commerce Retailer
547600,Female,20,5.6,General health,806.64,Performance,Physical Retailer
937437,Male,19,8.2,Fat loss,685.91,Performance,Physical Retailer
539792,Male,33,3.7,Flexibility,885.64,Performance,Physical Retailer
139353,Male,24,7.1,Build muscle,817.75,Performance,E-commerce Retailer
293075,Male,36,5.3,Endurance training,858.73,,Physical Retailer
314283,Female,35,,Endurance training,507.45,Outerwear,Physical Retailer
414877,Male,24,8.3,Fat loss,978.45,Footwear,E-commerce Retailer
165318,Male,27,4.699999999999999,Build muscle,851.84,Performance,E-commerce Retailer
865313,Male,19,5.8,Fat loss,790.69,Footwear,Brand Website
582690,Female,30,8.5,Fat loss,431.34,Yoga,Brand Website
516880,Male,35,5.0,General health,834.99,Leisure,E-commerce Retailer
691460,Female,22,5.3999999999999995,Build muscle,639.54,Accessories,E-commerce Retailer
840976,Male,26,5.3,Build muscle,847.1,Performance,Physical Retailer
881239,Female,33,5.3,Build muscle,685.67,Performance,Physical Retailer
193264,Female,19,8.3,Build muscle,678.37,Outerwear,Physical Retailer
870746,Male,21,6.5,Fat loss,712.0,Accessories,Physical Retailer
913168,Male,18,6.0,Build muscle,687.32,Performance,Physical Retailer
325281,Female,34,5.5,General health,465.52,Performance,Brand Website
737147,Female,25,7.4,Build muscle,667.3,Performance,E-commerce Retailer
998613,Male,31,5.8,Build muscle,668.04,,E-commerce Retailer
494070,Male,23,,Endurance training,773.86,Performance,Physical Retailer
452228,Female,29,,Build muscle,990.61,Leisure,Physical Retailer
531839,Female,25,5.4,Endurance training,401.03,Outerwear,Brand Website
369536,Male,22,7.4,Endurance training,446.64,Accessories,Physical Retailer
417824,Female,20,6.0,Build muscle,458.0,Leisure,Physical Retailer
357426,Male,32,6.1,Build muscle,962.97,Accessories,Physical Retailer
277789,Female,20,6.9,Build muscle,387.39,Performance,Physical Retailer
613153,Male,30,7.6,Build muscle,1086.12,Performance,Physical Retailer
842452,Male,28,6.3,Build muscle,653.4,Performance,E-commerce Retailer
937291,Male,27,4.0,Build muscle,1083.14,Performance,Brand Website
225657,Female,26,4.9,Build muscle,246.32,Accessories,Physical Retailer
335167,Male,20,6.1000000000000005,Fat loss,835.81,Yoga,E-commerce Retailer
781669,Male,23,5.1,Endurance training,608.92,Performance,Physical Retailer
580671,Male,28,7.9,Fat loss,802.2,Accessories,Physical Retailer
819094,Male,33,3.8000000000000003,Build muscle,857.92,Performance,Physical Retailer
170467,Other,22,6.5,Build muscle,614.11,Performance,E-commerce Retailer
283734,Male,28,4.9,General health,907.08,Outerwear,Brand Website
722794,Female,24,6.3999999999999995,Fat loss,984.7,Yoga,Physical Retailer
209751,Female,27,6.3,General health,409.39,Leisure,Brand Website
481050,Male,23,5.0,Build muscle,714.98,Performance,Brand Website
911774,Male,23,6.4,Endurance training,921.64,Accessories,Physical Retailer
792517,Male,28,7.1,Fat loss,701.94,Outerwear,Brand Website
561079,Male,23,7.2,Build muscle,937.31,Outerwear,E-commerce Retailer
468452,Male,27,7.6,Fat loss,983.41,Footwear,E-commerce Retailer
206081,Male,27,6.3,Fat loss,549.69,Performance,Physical Retailer
713333,Female,34,6.7,Build muscle,507.23,Leisure,Physical Retailer
658986,Male,39,7.0,Build muscle,1109.06,Performance,Physical Retailer
210078,Male,30,5.7,General health,837.8,Leisure,E-commerce Retailer
967055,Female,35,4.3,Flexibility,518.78,Leisure,Physical Retailer
122671,Male,20,9.5,Build muscle,955.55,Performance,Brand Website
518400,Female,21,,Build muscle,277.05,Footwear,E-commerce Retailer
455528,Female,38,7.1,Build muscle,310.9,Performance,E-commerce Retailer
710490,Male,32,7.2,Endurance training,602.87,Footwear,Physical Retailer
151663,Female,30,5.2,Build muscle,440.51,,E-commerce Retailer
115708,Male,23,5.5,Flexibility,874.72,Yoga,E-commerce Retailer
978338,Male,43,5.8,Build muscle,877.42,Performance,Physical Retailer
411955,Male,23,,Build muscle,959.81,Accessories,Physical Retailer
233883,Male,25,5.7,Endurance training,683.78,Footwear,E-commerce Retailer
418394,Female,23,5.8,General health,538.06,Accessories,Physical Retailer
212547,Male,26,7.4,Fat loss,1084.33,Performance,Physical Retailer
659042,Male,29,7.5,Fat loss,777.45,Footwear,Brand Website
851102,Male,26,4.3,Flexibility,830.01,Leisure,E-commerce Retailer
862002,Female,28,7.2,Build muscle,562.53,Outerwear,E-commerce Retailer
242483,Male,33,6.6,General health,676.75,,Brand Website
758271,Female,23,7.4,Build muscle,557.55,Performance,E-commerce Retailer
314835,Male,26,5.7,General health,720.84,Accessories,E-commerce Retailer
501896,Female,25,4.6,Endurance training,604.24,Performance,E-commerce Retailer
184896,Other,23,8.7,Build muscle,686.29,Performance,Brand Website
577095,Female,23,,General health,615.52,Performance,Physical Retailer
171295,Female,27,7.8,Build muscle,879.35,Leisure,Physical Retailer
843974,Male,28,6.1,Build muscle,654.78,Accessories,Physical Retailer
987121,Female,30,8.3,Fat loss,606.21,Footwear,Physical Retailer
373255,Male,26,6.1,Build muscle,698.99,Performance,E-commerce Retailer
399648,Male,21,6.4,Endurance training,933.17,Outerwear,Physical Retailer
757162,Male,30,6.5,Build muscle,1009.77,Accessories,E-commerce Retailer
108155,Female,30,6.2,Build muscle,721.85,Footwear,Brand Website
566872,Male,33,6.2,Build muscle,767.69,Accessories,Physical Retailer
925816,Female,34,5.6,Build muscle,664.96,Outerwear,Brand Website
474705,Female,30,6.0,Fat loss,695.99,Yoga,Physical Retailer
671542,Female,30,4.6,General health,398.56,Performance,Physical Retailer
908350,Female,28,3.5,Flexibility,633.65,Accessories,E-commerce Retailer
710269,Female,35,4.6,General health,167.74,Performance,Physical Retailer
654594,Other,24,6.8,Build muscle,948.92,Performance,Physical Retailer
247718,Female,26,6.1,Fat loss,732.07,Outerwear,Physical Retailer
408987,Female,29,6.7,Build muscle,749.51,Accessories,Brand Website
745263,Other,28,5.5,Build muscle,580.86,Outerwear,Brand Website
458745,Female,20,7.199999999999999,Fat loss,661.81,Performance,Physical Retailer
207512,Male,21,5.5,Build muscle,813.1,Performance,Physical Retailer
247443,Male,29,5.800000000000001,Build muscle,690.38,Footwear,E-commerce Retailer
570587,Male,27,7.0,Flexibility,836.79,Yoga,Physical Retailer
473616,Male,30,6.9,Fat loss,613.62,Leisure,E-commerce Retailer
757409,Female,26,6.5,Fat loss,822.18,Footwear,Physical Retailer
786976,Female,25,7.0,Build muscle,299.84,Performance,E-commerce Retailer
465871,Female,32,,Build muscle,535.38,Accessories,Physical Retailer
475037,Male,26,4.7,General health,880.73,Outerwear,Physical Retailer
907364,Female,18,6.6,Build muscle,795.04,Performance,Physical Retailer
217796,Female,33,4.9,Fat loss,673.85,Accessories,E-commerce Retailer
391999,Female,18,7.4,Build muscle,298.83,Performance,Physical Retailer
292506,Female,34,6.800000000000001,Fat loss,590.02,Footwear,Physical Retailer
798376,Female,22,6.1,Build muscle,482.02,Performance,Physical Retailer
369544,Male,26,4.9,General health,715.2,Performance,Physical Retailer
480002,Female,31,4.8,General health,438.13,Footwear,Physical Retailer
798002,Male,34,4.4,General health,886.3,Accessories,Brand Website
639439,Male,25,5.2,Build muscle,944.09,Performance,Physical Retailer
690978,Female,25,4.6,General health,844.36,Footwear,Physical Retailer
628787,Male,27,6.8,Fat loss,774.23,Footwear,Brand Website
630583,Female,29,6.3999999999999995,Build muscle,631.43,Performance,Physical Retailer
488215,Male,24,5.4,Endurance training,1152.37,Leisure,Brand Website
421184,Female,25,5.4,Build muscle,386.51,Performance,E-commerce Retailer
898615,Male,25,6.3,Build muscle,661.73,,Physical Retailer
522515,Other,28,6.6,General health,451.34,Leisure,E-commerce Retailer
768234,Female,33,5.3,Build muscle,455.37,Performance,Physical Retailer
478480,Male,33,5.199999999999999,Fat loss,779.7,Accessories,E-commerce Retailer
132711,Female,28,5.5,Build muscle,440.86,Performance,Physical Retailer
891971,Other,27,3.8,General health,832.53,Footwear,Physical Retailer
601157,Male,19,7.2,Flexibility,1071.73,Accessories,Physical Retailer
284423,Male,36,5.4,General health,886.86,Leisure,E-commerce Retailer
616349,Male,25,6.2,Build muscle,426.33,,Physical Retailer
803714,Male,21,6.5,Build muscle,982.51,Outerwear,Physical Retailer
757917,Female,25,5.1,Fat loss,556.4,Footwear,Brand Website
924792,Female,27,7.3999999999999995,Build muscle,593.75,Performance,Physical Retailer
837378,Male,18,7.7,Build muscle,907.59,Leisure,Physical Retailer
233272,Male,21,,Fat loss,671.09,Accessories,Brand Website
867836,Female,27,7.2,Fat loss,727.38,Footwear,Physical Retailer
802335,Male,23,7.4,Flexibility,1024.78,Yoga,Physical Retailer
907789,Male,25,7.8999999999999995,Build muscle,759.24,Performance,E-commerce Retailer
743409,Female,30,6.6,Build muscle,727.98,Outerwear,Brand Website
177505,Female,27,4.5,Build muscle,743.05,Performance,Physical Retailer
102869,Female,23,6.6,Flexibility,521.33,Performance,E-commerce Retailer
881474,Female,28,4.3,General health,282.56,,Physical Retailer
554351,Male,21,4.9,General health,802.15,Accessories,Physical Retailer
412252,Female,22,6.2,Flexibility,724.71,Leisure,E-commerce Retailer
736584,Male,31,6.6,Fat loss,956.76,Footwear,Physical Retailer
718467,Male,24,8.5,Fat loss,818.12,Footwear,Physical Retailer
190272,Male,26,7.4,Build muscle,687.5,Leisure,E-commerce Retailer
138467,Male,21,5.7,Fat loss,973.25,Performance,E-commerce Retailer
909760,Female,20,,Fat loss,871.16,Performance,Physical Retailer
977844,Male,28,7.5,Fat loss,800.44,Footwear,Brand Website
580047,Male,26,5.9,Flexibility,826.69,Yoga,Physical Retailer
759347,Male,31,4.1,Flexibility,639.4,Yoga,Brand Website
158871,Male,26,6.5,General health,720.85,Outerwear,Brand Website
228391,Female,27,5.4,General health,355.12,Performance,Physical Retailer
539430,Male,31,4.4,Endurance training,770.8,Footwear,E-commerce Retailer
710704,Female,24,8.0,Build muscle,946.81,Performance,E-commerce Retailer
956703,Male,27,6.6,Build muscle,832.61,Accessories,Physical Retailer
930496,Female,26,6.5,Endurance training,621.55,,Physical Retailer
356687,Female,36,6.8,General health,550.02,Leisure,Brand Website
825451,Male,26,6.0,Build muscle,958.44,Footwear,Physical Retailer
207450,Female,29,6.3,Flexibility,656.05,Yoga,Brand Website
271890,Male,32,7.7,Build muscle,802.01,,E-commerce Retailer
538741,Male,24,7.9,Build muscle,798.01,Outerwear,Brand Website
381974,Other,24,6.0,Endurance training,498.14,Performance,E-commerce Retailer
500109,Male,22,8.3,Build muscle,876.04,Accessories,Physical Retailer
216381,Male,27,6.0,Build muscle,793.97,Performance,Physical Retailer
573125,Female,29,5.6,Build muscle,477.52,Performance,Brand Website
671621,Male,24,5.4,General health,965.97,,Physical Retailer
234508,Female,27,7.1,Fat loss,1005.36,Yoga,E-commerce Retailer
829650,Male,24,4.5,Endurance training,736.63,Performance,E-commerce Retailer
962645,Female,18,7.5,Fat loss,433.99,Outerwear,Physical Retailer
499111,Female,37,7.1,Build muscle,543.63,Performance,Physical Retailer
250810,Female,30,5.6,Flexibility,472.62,Accessories,Physical Retailer
392890,Female,25,6.2,Build muscle,908.51,Outerwear,E-commerce Retailer
673665,Male,23,4.8,Flexibility,826.91,Leisure,E-commerce Retailer
940477,Other,28,7.4,Fat loss,667.25,Performance,Physical Retailer
460032,Male,28,5.0,Flexibility,747.61,,Physical Retailer
469599,Male,34,8.4,Build muscle,1042.48,Accessories,Physical Retailer
760960,Male,23,8.3,Fat loss,701.1,Footwear,Physical Retailer
850020,Male,21,6.3,Build muscle,752.25,Leisure,Brand Website
979611,Male,30,7.1000000000000005,Build muscle,718.76,Accessories,Physical Retailer
271836,Female,34,6.0,Endurance training,405.57,,E-commerce Retailer
829903,Female,24,7.3,Build muscle,615.92,Yoga,Physical Retailer
145714,Other,23,8.0,Fat loss,457.56,Yoga,Brand Website
727234,Male,28,7.4,Build muscle,829.6,Performance,E-commerce Retailer
996048,Female,28,6.8,Build muscle,439.96,Performance,Physical Retailer
730271,Male,26,4.8,General health,642.36,Performance,Physical Retailer
566960,Male,22,9.6,Fat loss,748.95,Performance,Physical Retailer
811851,Male,34,5.7,Endurance training,766.14,Outerwear,Physical Retailer
224123,Male,33,5.0,Endurance training,868.35,Footwear,Physical Retailer
405628,Female,29,5.4,General health,683.16,Leisure,Physical Retailer
182989,Female,26,3.6,Build muscle,474.85,Outerwear,E-commerce Retailer
398356,Male,24,7.9,Endurance training,977.96,Performance,Physical Retailer
929957,Male,28,4.6,Flexibility,651.67,Footwear,E-commerce Retailer
278274,Male,36,4.7,General health,726.37,Yoga,Brand Website
787995,Male,25,7.1,Fat loss,720.21,Footwear,E-commerce Retailer
425352,Other,34,7.0,Endurance training,845.09,Performance,Physical Retailer
920260,Male,31,5.5,General health,735.51,,Physical Retailer
511927,Male,25,5.6,Endurance training,1051.64,Performance,Physical Retailer
889852,Male,22,6.0,Build muscle,610.01,Performance,Physical Retailer
983184,Female,30,4.5,Build muscle,591.88,,Brand Website
231373,Other,35,4.0,General health,598.97,Footwear,E-commerce Retailer
538452,Female,26,7.2,Build muscle,651.79,Outerwear,Brand Website
215294,Female,37,4.9,General health,707.36,Accessories,Brand Website
559451,Male,20,6.1,Build muscle,693.68,Yoga,Physical Retailer
748307,Male,34,7.5,Fat loss,677.1,Footwear,E-commerce Retailer
165726,Other,26,6.9,Build muscle,719.83,Performance,Brand Website
241564,Female,37,,Build muscle,463.04,Performance,E-commerce Retailer
477812,Female,20,4.6,Flexibility,581.15,Yoga,E-commerce Retailer
368246,Female,28,5.1,General health,682.47,Performance,Physical Retailer
805696,Female,33,5.6,Endurance training,915.23,Performance,Physical Retailer
218015,Female,20,8.0,Fat loss,228.34,Outerwear,E-commerce Retailer
840674,Other,34,7.2,Endurance training,671.71,Leisure,Physical Retailer
354079,Female,23,6.1,Endurance training,174.63,Outerwear,Physical Retailer
650929,Female,23,7.4,Fat loss,606.32,Performance,E-commerce Retailer
789944,Female,19,7.4,Build muscle,654.34,Yoga,E-commerce Retailer
788105,Male,25,5.9,Endurance training,972.94,Leisure,E-commerce Retailer
613758,Female,27,5.9,General health,624.13,Yoga,Physical Retailer
465890,Male,29,6.3,Flexibility,858.99,Performance,Physical Retailer
545101,Female,22,,Build muscle,716.77,Accessories,Physical Retailer
136631,Other,26,4.6,General health,758.86,Performance,Physical Retailer
866577,Female,25,7.4,Fat loss,318.21,Footwear,Physical Retailer
172991,Male,31,8.9,Fat loss,891.83,Outerwear,Physical Retailer
104014,Male,32,4.3,Build muscle,885.39,Performance,Physical Retailer
373237,Male,37,7.199999999999999,Fat loss,810.75,Outerwear,E-commerce Retailer
118070,Female,18,7.8999999999999995,Build muscle,567.59,Leisure,E-commerce Retailer
922209,Male,26,5.8,Build muscle,944.33,Outerwear,E-commerce Retailer
156958,Male,18,7.6,General health,652.14,Accessories,Brand Website
182074,Male,30,3.7,General health,683.93,Performance,Brand Website
635017,Female,32,8.7,Fat loss,641.87,Footwear,E-commerce Retailer
855073,Female,19,4.9,Flexibility,590.99,Yoga,Physical Retailer
276089,Male,23,6.8,Build muscle,636.82,Performance,Physical Retailer
297392,Male,33,4.8,Build muscle,697.36,Performance,Brand Website
258823,Male,38,5.0,Endurance training,694.14,Leisure,Physical Retailer
730152,Female,31,6.3,Build muscle,358.11,Accessories,Physical Retailer
493002,Female,35,,Build muscle,848.57,Performance,E-commerce Retailer
833429,Male,31,7.2,Build muscle,813.08,Accessories,E-commerce Retailer
598863,Female,23,6.3999999999999995,Build muscle,613.18,Accessories,Physical Retailer
467654,Male,28,4.9,General health,820.32,Performance,Physical Retailer
679036,Female,25,6.5,Build muscle,546.45,Accessories,E-commerce Retailer
630089,Male,21,8.2,Fat loss,1000.1,Footwear,Physical Retailer
250262,Male,24,7.4,Build muscle,916.66,Performance,Physical Retailer
542905,Male,31,5.3,Endurance training,811.2,Performance,E-commerce Retailer
335362,Female,29,4.7,Build muscle,969.61,Leisure,E-commerce Retailer
544209,Female,28,3.2,General health,798.14,Performance,E-commerce Retailer
653880,Male,28,7.5,Fat loss,741.25,Footwear,Physical Retailer
897079,Female,30,7.1,Build muscle,745.43,Performance,Physical Retailer
764076,Female,33,6.5,Fat loss,519.26,Footwear,E-commerce Retailer
319963,Male,24,7.1000000000000005,Build muscle,630.34,Outerwear,Brand Website
580761,Male,21,9.7,Fat loss,655.68,Outerwear,E-commerce Retailer
348710,Female,29,5.7,Build muscle,396.04,Yoga,Brand Website
320984,Male,23,6.7,Flexibility,785.73,Outerwear,E-commerce Retailer
997059,Male,29,6.3,Build muscle,588.19,,Physical Retailer
956748,Other,28,5.6,Endurance training,692.99,Accessories,Brand Website
882355,Male,22,9.1,Build muscle,944.92,Accessories,Physical Retailer
364512,Male,29,6.4,Build muscle,630.75,Leisure,Physical Retailer
701863,Male,33,7.8,Fat loss,990.87,Performance,Physical Retailer
368799,Female,27,6.9,Flexibility,559.86,Accessories,Physical Retailer
337549,Male,21,6.7,Build muscle,1117.6,Accessories,E-commerce Retailer
694319,Male,24,7.3,Build muscle,738.31,Outerwear,Physical Retailer
584299,Male,28,5.5,Build muscle,821.84,Yoga,Physical Retailer
712210,Male,30,6.1,Build muscle,516.19,Outerwear,Brand Website
548982,Male,37,7.2,Build muscle,790.68,Accessories,E-commerce Retailer
224046,Male,22,7.9,Fat loss,834.27,Footwear,Brand Website
506619,Female,26,4.9,Build muscle,436.12,Outerwear,Physical Retailer
132097,Male,31,,Build muscle,715.54,Outerwear,E-commerce Retailer
766326,Male,31,4.2,General health,658.02,Outerwear,Physical Retailer
749150,Male,21,9.2,Build muscle,969.58,Performance,Physical Retailer
330229,Male,28,,Build muscle,804.62,Performance,Physical Retailer
218834,Male,27,7.300000000000001,Build muscle,1031.11,Performance,E-commerce Retailer
193848,Female,30,4.0,Endurance training,846.47,Accessories,Physical Retailer
152921,Male,25,5.1,Build muscle,734.78,,E-commerce Retailer
805086,Male,19,6.199999999999999,Fat loss,922.34,Outerwear,E-commerce Retailer
750429,Male,27,7.0,Build muscle,556.55,Footwear,Physical Retailer
805660,Female,39,7.8,Fat loss,506.45,Performance,E-commerce Retailer
384821,Female,22,7.9,Build muscle,440.36,Leisure,Physical Retailer
155609,Female,36,6.1,Endurance training,803.71,Performance,Physical Retailer
327897,Male,22,7.2,General health,527.14,Leisure,Physical Retailer
131024,Female,31,4.3,Endurance training,539.68,Performance,E-commerce Retailer
170313,Male,30,7.2,Build muscle,590.93,Yoga,Physical Retailer
489957,Male,25,5.3,Build muscle,827.62,Leisure,Physical Retailer
284078,Male,31,6.1000000000000005,Build muscle,810.36,Outerwear,Physical Retailer
457429,Male,22,6.1,Build muscle,378.41,Performance,Physical Retailer
561243,Other,29,5.6,Build muscle,732.57,Accessories,Brand Website
213632,Female,32,3.9,General health,574.85,Accessories,Physical Retailer
351451,Male,28,6.3999999999999995,Build muscle,853.15,Performance,Physical Retailer
103051,Female,21,6.5,Fat loss,749.2,Footwear,Physical Retailer
804107,Other,32,7.800000000000001,Fat loss,954.09,Footwear,Physical Retailer
476836,Female,23,7.800000000000001,Fat loss,189.3,Footwear,Physical Retailer
711523,Female,35,5.4,Build muscle,672.15,,E-commerce Retailer
821772,Female,35,4.4,General health,614.46,Leisure,E-commerce Retailer
289407,Other,27,7.3999999999999995,Build muscle,905.8,Performance,Physical Retailer
549395,Female,27,5.2,General health,554.69,Accessories,Brand Website
562894,Male,19,7.0,General health,951.44,Outerwear,E-commerce Retailer
311810,Male,18,6.2,General health,572.81,Leisure,E-commerce Retailer
827975,Female,23,6.8,Fat loss,305.53,Footwear,Physical Retailer
173523,Male,28,5.300000000000001,Build muscle,760.11,Footwear,Brand Website
860463,Female,31,6.8,Build muscle,485.08,Accessories,Brand Website
194476,Male,39,4.8,Endurance training,1004.54,Leisure,Brand Website
333841,Male,30,4.8999999999999995,Build muscle,734.24,Outerwear,Brand Website
903451,Male,26,5.3,General health,891.74,Outerwear,E-commerce Retailer
970045,Male,28,3.9,Build muscle,805.63,Performance,Physical Retailer
322866,Other,24,5.4,Build muscle,980.86,Accessories,Physical Retailer
186672,Female,20,8.5,Build muscle,694.0,Performance,E-commerce Retailer
698135,Female,25,7.0,Build muscle,620.68,Performance,E-commerce Retailer
444894,Female,28,7.1,Fat loss,402.71,Footwear,E-commerce Retailer
834994,Male,23,6.0,General health,898.46,Outerwear,E-commerce Retailer
128251,Male,28,,Endurance training,728.07,Outerwear,Physical Retailer
727769,Female,29,4.1,General health,523.86,Leisure,E-commerce Retailer
474710,Male,24,6.4,General health,522.78,Leisure,E-commerce Retailer
650233,Male,26,7.3,General health,721.74,Outerwear,Brand Website
977284,Male,33,,Build muscle,618.73,Outerwear,Physical Retailer
132217,Male,31,6.3,General health,861.81,Yoga,Physical Retailer
108308,Other,25,5.1,Build muscle,596.55,Performance,E-commerce Retailer
368093,Female,27,5.1,Build muscle,430.89,Performance,Physical Retailer
283062,Male,18,5.4,Endurance training,772.03,Accessories,Physical Retailer
494366,Female,37,7.0,Build muscle,750.64,Performance,Brand Website
844840,Female,28,4.6000000000000005,Build muscle,383.6,Performance,Physical Retailer
200235,Male,28,5.6,Build muscle,759.71,Leisure,Brand Website
174740,Female,25,4.8,Build muscle,893.29,Outerwear,Physical Retailer
478496,Female,22,5.3,Flexibility,318.16,Yoga,E-commerce Retailer
953049,Male,34,6.4,Build muscle,726.92,Outerwear,Physical Retailer
850201,Male,22,7.6000000000000005,Build muscle,467.36,Performance,Physical Retailer
903328,Male,31,8.4,Fat loss,673.69,Accessories,Physical Retailer
277247,Male,26,5.1,Build muscle,609.91,Performance,Brand Website
763165,Male,32,5.3,Flexibility,923.92,Yoga,Physical Retailer
629525,Female,23,7.3,Build muscle,716.2,Accessories,Brand Website
120056,Male,25,7.3,Fat loss,859.81,Footwear,Physical Retailer
276615,Male,31,4.1,Endurance training,744.5,,Brand Website
287628,Female,21,8.0,Flexibility,775.32,Yoga,Brand Website
738836,Female,26,3.3,Endurance training,537.64,Outerwear,Physical Retailer
473632,Male,27,,General health,787.82,Performance,Physical Retailer
234415,Male,29,6.5,Build muscle,925.3,Accessories,Brand Website
506716,Male,25,5.5,Build muscle,850.41,Performance,Physical Retailer
546438,Female,29,5.6,Build muscle,509.71,Outerwear,E-commerce Retailer
653663,Male,28,4.5,General health,874.93,Leisure,E-commerce Retailer
765022,Male,30,4.8,Build muscle,932.67,Performance,Brand Website
641252,Other,21,5.8,Build muscle,596.71,Leisure,Physical Retailer
737717,Male,19,6.1,Build muscle,853.83,Performance,Physical Retailer
352764,Female,20,6.0,Build muscle,160.5,Leisure,Brand Website
814998,Other,33,4.7,Build muscle,785.1,Performance,E-commerce Retailer
566882,Male,18,4.5,Flexibility,671.64,Accessories,E-commerce Retailer
840427,Female,20,9.6,Fat loss,524.08,Performance,E-commerce Retailer
612153,Male,30,5.0,Endurance training,827.44,Accessories,E-commerce Retailer
167215,Female,20,4.8,General health,904.93,Accessories,E-commerce Retailer
955474,Female,30,7.5,Build muscle,39.62,Yoga,Physical Retailer
244356,Female,28,7.9,Build muscle,686.85,Performance,Physical Retailer
303861,Male,27,5.1,Build muscle,970.2,Performance,E-commerce Retailer
455612,Female,25,4.8,Build muscle,699.82,Performance,Physical Retailer
554605,Female,20,5.2,Endurance training,625.59,Outerwear,Physical Retailer
109435,Male,29,6.2,Build muscle,968.33,Performance,Physical Retailer
547556,Female,19,6.8,Build muscle,500.15,Outerwear,E-commerce Retailer
799438,Male,27,6.199999999999999,Fat loss,697.98,Accessories,Brand Website
965264,Male,27,3.8,Flexibility,827.27,Yoga,Physical Retailer
675581,Male,26,4.7,General health,844.16,Leisure,E-commerce Retailer
178781,Male,27,5.0,General health,856.05,Outerwear,E-commerce Retailer
291475,Male,39,5.4,General health,760.61,Footwear,E-commerce Retailer
260196,Female,34,7.1,Build muscle,805.41,Performance,Physical Retailer
326507,Male,30,5.1,General health,516.54,Accessories,Brand Website
406063,Female,24,7.7,Build muscle,672.49,Yoga,E-commerce Retailer
864121,Male,27,5.3,Endurance training,867.19,Performance,Physical Retailer
876665,Female,24,6.6,Endurance training,636.43,Outerwear,Physical Retailer
790607,Other,29,5.7,Build muscle,530.04,Leisure,Physical Retailer
221172,Male,21,6.3,General health,979.73,Performance,Physical Retailer
456902,Female,22,6.1,Flexibility,464.02,Yoga,Physical Retailer
584963,Male,37,6.0,Build muscle,994.98,Performance,Physical Retailer
555968,Female,34,3.3,General health,1080.32,Yoga,Physical Retailer
418717,Male,23,6.2,Build muscle,939.63,Performance,E-commerce Retailer
159101,Female,18,,Fat loss,1008.03,Performance,Physical Retailer
595972,Male,30,5.0,Fat loss,982.24,Performance,Physical Retailer
388790,Female,22,9.3,Fat loss,580.54,Footwear,Physical Retailer
990617,Female,31,6.3,Flexibility,540.37,Yoga,Physical Retailer
647337,Male,36,4.8,General health,570.71,Yoga,E-commerce Retailer
834965,Male,19,6.3,General health,846.58,Performance,Brand Website
460260,Male,22,7.6,Build muscle,632.72,,E-commerce Retailer
983811,Male,22,8.3,Flexibility,681.03,Outerwear,Physical Retailer
692673,Female,18,6.9,Build muscle,899.38,Leisure,Physical Retailer
750419,Male,27,,General health,730.94,Outerwear,Brand Website
533374,Male,29,6.0,Build muscle,795.8,Yoga,Physical Retailer
820777,Male,30,6.0,Build muscle,841.04,Outerwear,Physical Retailer
647577,Female,28,5.9,Endurance training,674.81,Footwear,Physical Retailer
472370,Male,36,6.0,Build muscle,960.39,Yoga,Physical Retailer
987225,Male,26,5.3,Build muscle,768.77,Performance,E-commerce Retailer
371967,Male,26,5.5,Build muscle,681.84,Accessories,E-commerce Retailer
291232,Male,28,5.6,Build muscle,833.94,Outerwear,Physical Retailer
404119,Female,30,6.2,Build muscle,700.38,Performance,Physical Retailer
109540,Male,28,4.6,Build muscle,850.27,Footwear,Physical Retailer
640652,Male,30,,Fat loss,745.57,Accessories,E-commerce Retailer
497827,Female,27,4.6000000000000005,Build muscle,643.0,Accessories,Physical Retailer
651951,Female,20,7.4,Endurance training,824.69,Performance,Physical Retailer
151991,Male,29,5.2,Build muscle,835.24,Leisure,Physical Retailer
288751,Female,37,5.6,Flexibility,638.57,Yoga,Physical Retailer
466326,Female,31,5.7,General health,903.68,Performance,Physical Retailer
786337,Male,25,7.1,Build muscle,672.42,Performance,Brand Website
718992,Female,29,6.4,General health,860.99,Performance,E-commerce Retailer
149115,Female,37,,General health,721.39,Footwear,E-commerce Retailer
453151,Male,37,7.2,Flexibility,667.0,Yoga,Physical Retailer
843583,Male,31,5.5,Fat loss,900.91,Accessories,Brand Website
291962,Male,31,6.2,Build muscle,623.21,,Physical Retailer
821747,Female,30,5.5,Endurance training,589.61,Yoga,E-commerce Retailer
249143,Other,31,4.9,Endurance training,596.54,Outerwear,E-commerce Retailer
814635,Female,34,5.7,Endurance training,531.0,Accessories,Physical Retailer
636226,Male,32,6.3,Build muscle,542.74,Footwear,Brand Website
453824,Female,22,6.5,General health,481.62,Footwear,Physical Retailer
104000,Female,30,6.7,Flexibility,854.85,Yoga,Physical Retailer
825948,Male,22,8.8,Build muscle,927.79,Outerwear,Physical Retailer
987474,Male,32,6.2,Build muscle,937.23,Outerwear,E-commerce Retailer
455754,Female,35,7.3,Build muscle,415.01,Leisure,Physical Retailer
351492,Male,25,4.0,General health,709.88,Outerwear,Brand Website
990123,Female,25,5.1,Endurance training,637.42,Footwear,E-commerce Retailer
599522,Male,22,5.2,Endurance training,790.98,Footwear,Brand Website
591072,Male,28,7.5,Fat loss,669.08,Performance,E-commerce Retailer
138304,Male,24,6.5,Fat loss,661.98,Accessories,Physical Retailer
604999,Male,25,5.800000000000001,Build muscle,578.43,Performance,E-commerce Retailer
431593,Female,23,7.5,Fat loss,896.93,Outerwear,Brand Website
707274,Male,25,5.4,General health,965.4,Leisure,Brand Website
251836,Female,24,,Flexibility,917.89,Outerwear,Physical Retailer
208940,Male,26,4.0,Flexibility,720.53,Yoga,Physical Retailer
924926,Female,32,3.6,Flexibility,598.59,Accessories,Physical Retailer
365517,Male,33,7.4,Fat loss,675.13,Performance,E-commerce Retailer
767521,Female,32,6.9,Fat loss,323.1,Accessories,E-commerce Retailer
721820,Female,34,4.1,General health,797.55,Leisure,Physical Retailer
979090,Male,33,5.7,Flexibility,916.87,Leisure,Brand Website
485777,Male,27,3.9,Build muscle,563.42,Footwear,E-commerce Retailer
724674,Female,32,5.9,Build muscle,798.39,Performance,E-commerce Retailer
651638,Other,27,7.800000000000001,Build muscle,894.93,Yoga,Physical Retailer
717296,Male,28,5.8,Endurance training,761.06,Leisure,E-commerce Retailer
980729,Female,28,4.8,Build muscle,596.37,,Brand Website
649639,Female,26,6.8,Build muscle,658.66,Performance,Physical Retailer
712956,Female,22,8.399999999999999,Build muscle,696.95,Accessories,Brand Website
738873,Other,30,6.0,Build muscle,1008.43,Accessories,E-commerce Retailer
437497,Female,26,6.9,General health,1106.07,Yoga,Physical Retailer
307869,Male,19,6.2,Build muscle,786.71,Accessories,Physical Retailer
165953,Male,31,4.2,Endurance training,902.71,Leisure,Brand Website
943890,Male,33,5.4,Endurance training,638.46,Yoga,Brand Website
600328,Female,32,6.6,General health,624.78,Accessories,Brand Website
906790,Female,36,7.6,Build muscle,722.99,Yoga,Physical Retailer
103267,Male,28,7.0,Flexibility,878.18,Yoga,Physical Retailer
182745,Female,31,8.2,Fat loss,302.14,Footwear,Physical Retailer
976020,Female,22,,Flexibility,550.8,Yoga,E-commerce Retailer
924945,Female,32,5.7,Flexibility,689.34,Leisure,Physical Retailer
257164,Male,25,5.4,Build muscle,736.78,Performance,E-commerce Retailer
635626,Male,22,7.2,Build muscle,990.83,Accessories,Brand Website
231484,Male,35,5.9,Build muscle,888.22,Performance,Physical Retailer
631831,Male,33,6.9,Fat loss,694.03,Outerwear,Physical Retailer
992323,Male,27,7.8,Build muscle,804.84,Accessories,Brand Website
160692,Male,34,,Build muscle,665.93,Performance,Brand Website
320156,Male,26,8.7,Fat loss,772.61,Footwear,E-commerce Retailer
323992,Male,26,5.7,Build muscle,716.81,Performance,E-commerce Retailer
616771,Male,31,6.3,Build muscle,976.21,Performance,Brand Website
930857,Female,27,6.9,Fat loss,735.59,Accessories,Physical Retailer
663044,Male,27,4.1,Build muscle,585.32,Leisure,E-commerce Retailer
643176,Female,24,8.100000000000001,Build muscle,533.8,Outerwear,Brand Website
791095,Other,24,7.9,Fat loss,802.47,Footwear,Physical Retailer
933727,Male,20,6.8999999999999995,Fat loss,572.24,Footwear,E-commerce Retailer
214352,Male,28,6.2,General health,806.93,Outerwear,E-commerce Retailer
969474,Male,22,6.4,Fat loss,912.34,Performance,Physical Retailer
185999,Female,21,9.3,Fat loss,718.97,Accessories,Brand Website
117955,Female,23,8.3,Fat loss,477.36,Footwear,Physical Retailer
924273,Male,31,6.4,General health,771.03,Performance,E-commerce Retailer
170640,Female,30,4.8,General health,647.55,Yoga,E-commerce Retailer
296582,Male,31,5.8,General health,803.93,Performance,Physical Retailer
844086,Male,24,6.1,Endurance training,810.69,Performance,E-commerce Retailer
500573,Female,28,5.1,Build muscle,449.87,Performance,E-commerce Retailer
525695,Male,38,5.6,Build muscle,693.73,Accessories,Physical Retailer
161476,Female,27,4.9,Build muscle,600.44,Performance,E-commerce Retailer
406955,Male,27,3.7,Flexibility,578.3,Yoga,Physical Retailer
267280,Other,31,5.8,Endurance training,612.47,Performance,Physical Retailer
775510,Male,32,6.1,General health,633.73,Accessories,Physical Retailer
695468,Male,33,5.6,Build muscle,564.45,Accessories,E-commerce Retailer
798646,Female,26,5.4,General health,831.32,Performance,Physical Retailer
737144,Male,22,6.8,Build muscle,722.28,Performance,Physical Retailer
954882,Other,34,5.8999999999999995,Build muscle,666.29,Yoga,E-commerce Retailer
514568,Female,30,6.1000000000000005,Build muscle,871.52,Leisure,Physical Retailer
286141,Female,26,6.0,Fat loss,571.28,Footwear,E-commerce Retailer
998320,Female,22,8.8,Fat loss,683.7,Accessories,Brand Website
734736,Other,23,5.6,General health,1041.77,Leisure,Physical Retailer
638685,Female,27,6.7,Build muscle,784.61,Performance,Physical Retailer
278031,Female,25,6.5,Fat loss,681.22,Performance,E-commerce Retailer
219180,Female,29,6.2,Fat loss,437.17,Footwear,Brand Website
166234,Male,23,5.2,Build muscle,821.51,Outerwear,Physical Retailer
664242,Male,21,8.3,General health,676.05,Performance,E-commerce Retailer
278352,Female,33,4.1,General health,637.59,Leisure,Physical Retailer
179459,Male,29,4.0,General health,1051.73,Leisure,E-commerce Retailer
509995,Male,25,6.6,General health,789.05,Performance,E-commerce Retailer
295004,Male,18,8.6,General health,772.74,Performance,Physical Retailer
566152,Male,37,4.7,Build muscle,658.79,Accessories,Brand Website
825256,Female,25,6.1,General health,463.59,Leisure,Physical Retailer
159163,Female,19,7.300000000000001,Build muscle,830.47,Accessories,Physical Retailer
575853,Male,26,6.0,Build muscle,848.82,Performance,E-commerce Retailer
151934,Male,27,7.6,Build muscle,964.94,Performance,E-commerce Retailer
820255,Female,30,3.8,General health,384.87,Performance,Brand Website
525523,Male,30,4.3,General health,631.24,Accessories,Physical Retailer
940530,Female,29,4.7,Build muscle,508.46,Leisure,Physical Retailer
554137,Male,25,5.2,General health,799.48,Performance,Brand Website
105486,Male,23,6.1,Flexibility,778.24,Leisure,Physical Retailer
239407,Other,26,7.1000000000000005,Build muscle,1002.46,Yoga,Physical Retailer
973332,Male,33,4.8,Build muscle,861.21,Performance,Physical Retailer
750308,Female,31,6.6,General health,489.78,Performance,Physical Retailer
727083,Female,26,7.1,Build muscle,316.11,Performance,E-commerce Retailer
320184,Male,25,6.3,Endurance training,865.02,Leisure,Brand Website
766490,Female,22,5.699999999999999,Build muscle,639.64,,E-commerce Retailer
449652,Other,31,5.5,Fat loss,714.94,Yoga,Physical Retailer
861315,Male,28,4.2,General health,1033.46,,E-commerce Retailer
742612,Female,20,4.0,Endurance training,539.65,Yoga,Physical Retailer
422710,Female,26,3.8,General health,786.61,Leisure,E-commerce Retailer
297775,Female,26,3.6,General health,612.71,Outerwear,E-commerce Retailer
389336,Female,27,7.5,General health,740.65,Accessories,Physical Retailer
887494,Male,31,5.6,Endurance training,1100.96,,Physical Retailer
708364,Female,27,4.4,Build muscle,0.0,Performance,E-commerce Retailer
189780,Female,26,8.4,Fat loss,656.76,Footwear,E-commerce Retailer
252617,Female,29,5.1000000000000005,Build muscle,315.05,Yoga,E-commerce Retailer
645977,Female,18,6.8,General health,557.51,Footwear,E-commerce Retailer
897606,Female,33,6.3,Build muscle,539.58,Accessories,Physical Retailer
450605,Male,31,6.6,Fat loss,832.48,Leisure,Brand Website
989465,Female,21,6.5,Build muscle,680.0,Footwear,Physical Retailer
633636,Female,26,6.2,General health,633.17,Performance,E-commerce Retailer
138102,Female,26,5.1,General health,767.4,,Physical Retailer
174460,Female,33,4.6,Build muscle,673.7,Performance,Brand Website
464778,Male,33,7.4,General health,613.02,Leisure,E-commerce Retailer
189930,Male,26,5.1,Build muscle,555.34,Leisure,E-commerce Retailer
631089,Male,27,6.1,Fat loss,688.83,Footwear,Physical Retailer
727438,Male,26,5.1,General health,921.16,Performance,Physical Retailer
827627,Female,19,5.699999999999999,Build muscle,290.49,Outerwear,Physical Retailer
279208,Female,32,5.3,Flexibility,640.79,Outerwear,Brand Website
254697,Female,32,5.5,Build muscle,638.6,,E-commerce Retailer
313945,Male,28,4.8,Build muscle,787.88,,Physical Retailer
331915,Female,25,4.5,Flexibility,287.01,Performance,E-commerce Retailer
827952,Male,18,6.8,Build muscle,731.72,Performance,E-commerce Retailer
308124,Male,36,,Flexibility,761.19,Yoga,Physical Retailer
537477,Female,24,7.5,Flexibility,667.06,Leisure,Physical Retailer
625830,Female,27,,Build muscle,636.06,Performance,Physical Retailer
383821,Male,37,5.1,Fat loss,866.21,Footwear,Physical Retailer
277804,Male,25,4.5,Build muscle,927.95,Performance,Physical Retailer
805703,Male,18,6.300000000000001,Fat loss,758.28,Footwear,E-commerce Retailer
139081,Male,31,,Build muscle,514.44,Performance,Physical Retailer
818216,Female,20,6.1000000000000005,Build muscle,675.07,Performance,E-commerce Retailer
455249,Male,28,5.8999999999999995,Build muscle,806.56,Accessories,Brand Website
319930,Male,25,6.2,Fat loss,983.42,Performance,Brand Website
905497,Male,29,,Flexibility,714.83,Accessories,E-commerce Retailer
617313,Male,26,6.1,General health,876.88,Accessories,Physical Retailer
314532,Male,27,,General health,843.51,Outerwear,Physical Retailer
712380,Male,26,7.0,Fat loss,806.59,,Physical Retailer
619332,Male,27,6.4,General health,939.58,Yoga,Physical Retailer
416837,Male,33,6.2,Build muscle,700.87,Performance,E-commerce Retailer
389106,Female,34,6.2,General health,631.47,Accessories,Brand Website
128295,Male,36,4.3,Flexibility,798.21,Accessories,Physical Retailer
113807,Other,18,5.7,Build muscle,887.84,Leisure,Physical Retailer
535564,Male,44,3.8,Endurance training,876.2,Footwear,E-commerce Retailer
257504,Female,28,6.6,General health,487.36,Performance,Physical Retailer
338067,Female,32,5.8,Flexibility,459.61,Performance,Brand Website
585008,Female,22,6.5,General health,677.04,Performance,Physical Retailer
792440,Female,28,4.3,Build muscle,824.14,Performance,Brand Website
494540,Male,38,5.2,Build muscle,731.04,Performance,Physical Retailer
977699,Male,30,7.0,Build muscle,749.14,Performance,Brand Website
617923,Male,21,5.7,General health,814.4,Leisure,Physical Retailer
266981,Female,26,5.1,Build muscle,600.36,Performance,Brand Website
844699,Male,35,3.9,General health,799.37,Accessories,Physical Retailer
119870,Male,28,7.5,Build muscle,1055.8,Leisure,E-commerce Retailer
303196,Female,29,5.6,Build muscle,659.04,Performance,E-commerce Retailer
348683,Female,31,7.699999999999999,Fat loss,678.98,Yoga,Brand Website
334677,Female,28,5.7,General health,438.7,,Physical Retailer
126790,Female,18,7.1000000000000005,Build muscle,508.16,Outerwear,Physical Retailer
743162,Other,36,4.800000000000001,Fat loss,504.31,Outerwear,E-commerce Retailer
911721,Male,23,7.2,Fat loss,758.25,Footwear,Brand Website
548345,Male,28,7.3,Build muscle,744.19,Outerwear,E-commerce Retailer
849074,Male,25,5.0,Build muscle,842.13,Performance,Physical Retailer
587462,Male,34,4.6,General health,717.08,Yoga,Physical Retailer
639773,Female,22,7.7,Fat loss,469.37,Footwear,E-commerce Retailer
930914,Male,30,,Build muscle,1015.38,Outerwear,E-commerce Retailer
186188,Female,32,5.7,General health,437.06,Yoga,E-commerce Retailer
629036,Male,25,6.7,Flexibility,715.84,Yoga,Physical Retailer
842129,Female,25,5.9,Endurance training,529.23,Performance,Physical Retailer
764795,Female,35,5.6,Fat loss,1033.1,Leisure,Physical Retailer
890141,Male,28,4.0,General health,764.73,Leisure,Physical Retailer
748249,Male,26,7.4,Flexibility,696.61,Leisure,Physical Retailer
130355,Male,27,4.9,General health,697.25,Outerwear,Physical Retailer
811131,Male,38,6.8,Fat loss,717.63,Footwear,Brand Website
551015,Male,26,6.8,Fat loss,710.83,Outerwear,Physical Retailer
506332,Male,20,7.2,General health,608.05,Performance,E-commerce Retailer
256542,Male,21,7.8,Build muscle,631.37,Outerwear,E-commerce Retailer
273416,Female,29,7.0,Fat loss,490.56,Footwear,Physical Retailer
405062,Female,25,4.0,General health,349.73,Outerwear,Physical Retailer
938656,Female,32,4.9,Endurance training,513.8,Footwear,Brand Website
663586,Male,19,5.9,Fat loss,768.93,Leisure,E-commerce Retailer
601708,Female,30,4.4,Endurance training,653.68,Performance,Physical Retailer
966651,Male,21,5.6000000000000005,Build muscle,994.25,Performance,E-commerce Retailer
161629,Male,32,5.8,Fat loss,757.68,Footwear,E-commerce Retailer
428184,Female,24,5.5,General health,737.13,Leisure,Physical Retailer
592734,Male,25,4.5,Build muscle,670.34,Performance,Physical Retailer
855195,Female,23,6.4,Build muscle,568.74,Leisure,E-commerce Retailer
390160,Female,22,6.1,Flexibility,737.35,Yoga,Brand Website
648248,Male,30,,Build muscle,742.03,Performance,Physical Retailer
920023,Male,18,6.9,Build muscle,677.95,Performance,E-commerce Retailer
313920,Male,28,4.3,Flexibility,684.55,Yoga,Physical Retailer
989765,Female,37,5.9,General health,428.45,Leisure,E-commerce Retailer
342804,Male,27,4.9,Endurance training,602.68,Leisure,E-commerce Retailer
476965,Male,29,6.4,General health,949.23,Accessories,E-commerce Retailer
560857,Male,30,6.0,Build muscle,719.92,Accessories,Physical Retailer
922827,Female,20,6.8,General health,721.08,Accessories,Physical Retailer
604492,Male,20,8.2,Fat loss,599.45,Performance,Brand Website
753983,Male,26,5.9,General health,798.15,Performance,E-commerce Retailer
515916,Female,32,7.1,Fat loss,385.36,Yoga,E-commerce Retailer
921052,Female,31,6.1,Endurance training,623.12,Performance,Physical Retailer
858574,Male,34,8.2,Fat loss,1020.76,Yoga,Physical Retailer
228148,Male,31,7.8,Fat loss,826.65,Accessories,Brand Website
906991,Male,27,6.0,General health,680.8,Footwear,E-commerce Retailer
586261,Female,35,5.4,Endurance training,675.94,Performance,E-commerce Retailer
455540,Male,28,5.6,Endurance training,889.27,Performance,E-commerce Retailer
292714,Male,25,7.699999999999999,Fat loss,994.8,Yoga,E-commerce Retailer
831899,Female,35,5.4,Fat loss,354.43,Footwear,E-commerce Retailer
383876,Female,31,6.9,General health,536.02,Accessories,E-commerce Retailer
359747,Male,27,5.0,General health,891.46,Outerwear,Physical Retailer
715650,Female,28,6.1,Endurance training,663.76,Accessories,Physical Retailer
523570,Female,29,3.6,Flexibility,595.82,Leisure,E-commerce Retailer
375987,Male,18,5.9,General health,900.08,Leisure,Physical Retailer
738353,Male,22,8.6,Fat loss,947.56,Performance,Physical Retailer
958158,Other,28,3.6,Endurance training,752.36,,Brand Website
117640,Male,24,5.7,Flexibility,667.15,Yoga,Physical Retailer
152528,Male,32,,Endurance training,672.38,Accessories,Physical Retailer
924845,Male,30,3.9,General health,690.68,Outerwear,Physical Retailer
359214,Female,31,5.1,Endurance training,360.16,Performance,Physical Retailer
939070,Male,25,6.6,Fat loss,836.39,Accessories,Physical Retailer
601108,Male,27,4.7,Build muscle,929.85,Footwear,Brand Website
734421,Male,31,6.199999999999999,Fat loss,962.2,Footwear,E-commerce Retailer
468501,Male,29,6.0,Flexibility,674.33,Footwear,Physical Retailer
824226,Female,30,4.4,Endurance training,532.9,Performance,Physical Retailer
250159,Female,31,5.8,Fat loss,651.2,Performance,Brand Website
272502,Male,29,5.4,Flexibility,897.01,Yoga,Physical Retailer
255576,Male,31,8.7,Fat loss,812.43,Performance,Physical Retailer
965291,Female,24,,Fat loss,783.16,Footwear,E-commerce Retailer
986089,Male,22,5.9,General health,795.53,Performance,E-commerce Retailer
111023,Male,30,3.8,General health,878.69,Leisure,Physical Retailer
645735,Other,22,7.8,Build muscle,632.19,Leisure,Physical Retailer
488043,Female,28,5.5,Fat loss,444.34,,Physical Retailer
386103,Male,22,6.6,Fat loss,573.42,Footwear,E-commerce Retailer
166203,Male,33,6.6,Build muscle,696.83,Performance,E-commerce Retailer
260775,Male,36,5.5,Fat loss,698.45,Footwear,Physical Retailer
109337,Male,24,9.0,Fat loss,743.84,Footwear,Physical Retailer
670715,Male,26,5.5,Build muscle,661.02,Leisure,E-commerce Retailer
614723,Male,23,8.3,Fat loss,719.97,Outerwear,E-commerce Retailer
423673,Male,24,6.0,Build muscle,572.84,Performance,Physical Retailer
464167,Female,24,8.2,Fat loss,591.7,Footwear,E-commerce Retailer
446809,Female,29,5.9,General health,794.1,Leisure,Physical Retailer
730075,Male,29,5.1,General health,544.22,Leisure,Physical Retailer
787281,Male,24,6.2,Build muscle,674.78,Performance,E-commerce Retailer
395451,Female,28,6.3,Build muscle,1064.52,Outerwear,Physical Retailer
520571,Male,25,6.1000000000000005,Build muscle,718.55,Performance,E-commerce Retailer
227016,Male,24,8.0,Fat loss,695.46,Accessories,Physical Retailer
891267,Other,30,6.8,Build muscle,744.39,Accessories,Physical Retailer
644447,Male,25,4.9,Fat loss,851.54,Performance,Brand Website
597562,Female,32,4.8,Build muscle,456.43,Leisure,Physical Retailer
802965,Other,20,5.3,General health,574.41,Performance,Physical Retailer
483934,Male,33,6.9,Build muscle,679.96,,E-commerce Retailer
992048,Male,26,4.9,Build muscle,797.31,Accessories,Physical Retailer
965184,Male,21,6.8,General health,794.69,Performance,E-commerce Retailer
417428,Female,30,,Build muscle,492.24,Performance,Physical Retailer
419187,Female,24,6.5,Build muscle,562.59,Accessories,E-commerce Retailer
790907,Female,36,6.9,Fat loss,619.09,Outerwear,Physical Retailer
983439,Male,35,5.2,Fat loss,1043.8,Footwear,Physical Retailer
182844,Female,23,6.5,General health,645.39,Outerwear,Physical Retailer
651820,Female,24,7.5,Build muscle,256.21,Performance,Physical Retailer
265421,Female,26,5.7,Fat loss,809.39,,Physical Retailer
222402,Female,23,7.199999999999999,Build muscle,609.33,Performance,Physical Retailer
218012,Female,33,4.7,Build muscle,495.82,Accessories,E-commerce Retailer
538661,Female,31,5.1,General health,433.13,Accessories,E-commerce Retailer
498929,Female,24,8.2,General health,553.08,Leisure,E-commerce Retailer
680466,Male,26,7.5,Build muscle,643.15,Performance,Physical Retailer
673695,Male,37,5.4,Fat loss,768.66,Leisure,E-commerce Retailer
563556,Female,21,,Build muscle,458.89,Performance,E-commerce Retailer
675278,Male,20,8.0,General health,1077.62,Performance,Physical Retailer
229473,Female,38,5.2,Build muscle,731.38,Outerwear,Physical Retailer
578007,Other,31,,Build muscle,858.7,Performance,Physical Retailer
944573,Female,28,6.5,Fat loss,611.98,Performance,Brand Website
517009,Male,25,6.300000000000001,Fat loss,639.45,Performance,Brand Website
418714,Male,22,9.8,Fat loss,903.02,Leisure,Brand Website
326156,Male,28,6.0,Build muscle,740.25,Accessories,E-commerce Retailer
268964,Female,34,6.9,Build muscle,347.41,Performance,Physical Retailer
625303,Female,30,5.4,Fat loss,217.77,Footwear,Physical Retailer
161813,Female,18,7.8,Build muscle,486.51,Performance,E-commerce Retailer
127712,Male,32,4.2,General health,642.83,Outerwear,E-commerce Retailer
724785,Female,18,9.4,Build muscle,1004.43,Performance,E-commerce Retailer
867214,Female,19,6.8,Fat loss,966.24,Performance,Physical Retailer
212816,Male,32,7.5,Endurance training,937.67,Performance,Physical Retailer
228778,Female,29,6.2,Build muscle,243.58,Accessories,Physical Retailer
686580,Male,32,6.0,Endurance training,703.26,Outerwear,Physical Retailer
385977,Male,28,4.1,General health,918.99,Performance,Physical Retailer
235230,Female,26,,Build muscle,560.39,Accessories,Physical Retailer
818040,Male,23,6.6,Flexibility,1134.97,Leisure,E-commerce Retailer
906741,Female,20,7.1000000000000005,Fat loss,773.56,Accessories,Brand Website
369114,Female,27,7.6000000000000005,Build muscle,645.48,Performance,Brand Website
434618,Female,20,6.4,Fat loss,422.03,Footwear,Brand Website
932972,Male,35,5.8,Build muscle,847.41,Yoga,E-commerce Retailer
251456,Male,32,3.0,General health,699.42,Leisure,Physical Retailer
904449,Female,18,5.0,General health,739.41,Performance,Physical Retailer
962312,Male,21,5.9,General health,476.96,Leisure,Brand Website
205570,Male,25,5.9,Flexibility,833.66,Footwear,Physical Retailer
370846,Male,28,6.9,General health,852.44,Performance,Brand Website
100404,Female,20,5.5,Endurance training,685.18,Outerwear,Physical Retailer
803286,Male,31,5.0,Build muscle,354.0,Performance,Brand Website
374907,Female,23,6.2,Fat loss,443.14,Accessories,E-commerce Retailer
773744,Female,18,,Build muscle,737.7,Performance,Physical Retailer
815460,Male,24,6.9,General health,843.75,Performance,E-commerce Retailer
984574,Male,29,8.100000000000001,Fat loss,843.4,Footwear,Physical Retailer
765220,Other,33,6.5,Build muscle,708.13,Leisure,Physical Retailer
335365,Female,23,7.699999999999999,Build muscle,502.67,Leisure,Brand Website
442786,Female,31,6.8,Build muscle,597.96,Outerwear,Physical Retailer
150612,Female,30,5.9,Fat loss,612.68,Performance,Physical Retailer
910006,Male,22,7.6000000000000005,Fat loss,871.21,Footwear,Physical Retailer
909956,Male,37,5.0,Endurance training,856.63,Performance,E-commerce Retailer
300244,Male,24,,Fat loss,772.69,Footwear,E-commerce Retailer
897348,Male,26,5.8,Endurance training,1074.61,Leisure,E-commerce Retailer
104809,Male,27,5.7,Build muscle,873.98,Outerwear,Brand Website
263273,Male,23,8.7,Build muscle,654.75,Performance,Physical Retailer
808690,Male,24,7.2,Fat loss,837.25,Footwear,Brand Website
244528,Female,21,8.5,Fat loss,934.85,Footwear,Physical Retailer
606964,Female,27,5.5,Build muscle,419.82,Performance,Physical Retailer
549613,Male,19,7.4,Build muscle,963.39,Outerwear,Brand Website
138765,Female,42,5.9,Build muscle,248.01,Performance,E-commerce Retailer
931538,Male,24,,Fat loss,448.63,Leisure,Physical Retailer
416076,Female,25,5.7,Build muscle,499.26,,Physical Retailer
943523,Male,23,7.6,Endurance training,739.1,,Brand Website
646237,Other,24,7.9,General health,647.34,Accessories,Physical Retailer
301152,Female,32,5.8,Build muscle,361.41,Accessories,E-commerce Retailer
399888,Male,26,5.0,Flexibility,829.27,,Physical Retailer
800903,Male,29,,Fat loss,1049.79,Yoga,E-commerce Retailer
994751,Male,38,,Endurance training,773.19,Leisure,Brand Website
192193,Male,19,6.1,Endurance training,893.72,Outerwear,Physical Retailer
136187,Male,27,6.3,Endurance training,920.74,Leisure,E-commerce Retailer
605950,Female,23,9.3,Fat loss,886.73,Outerwear,Physical Retailer
238311,Male,28,8.4,Fat loss,916.82,Performance,Brand Website
900921,Female,30,5.7,Build muscle,732.43,Outerwear,Physical Retailer
608153,Female,24,8.0,Build muscle,300.27,Yoga,Physical Retailer
289089,Male,22,6.4,Build muscle,603.13,Performance,E-commerce Retailer
686165,Female,32,,Build muscle,860.22,Accessories,E-commerce Retailer
536341,Male,20,5.7,Build muscle,848.79,Performance,E-commerce Retailer
412066,Female,29,4.5,Build muscle,458.94,Performance,Physical Retailer
718362,Male,22,7.3,General health,918.67,Outerwear,Physical Retailer
787409,Other,26,6.3,General health,534.4,Leisure,Physical Retailer
661419,Female,22,5.4,Flexibility,464.3,Outerwear,E-commerce Retailer
740053,Male,34,4.7,Fat loss,864.93,,E-commerce Retailer
960395,Male,27,6.0,General health,966.61,Performance,Brand Website
731172,Female,32,4.7,General health,622.08,Performance,Physical Retailer
225917,Female,28,6.699999999999999,Fat loss,839.44,Footwear,Physical Retailer
910717,Male,32,5.7,Build muscle,768.22,Footwear,Physical Retailer
399770,Male,30,4.5,Flexibility,730.01,Footwear,Physical Retailer
798168,Female,32,6.5,Fat loss,443.67,Footwear,Physical Retailer
581680,Male,21,7.699999999999999,Fat loss,791.62,Footwear,Brand Website
381342,Female,18,7.2,Build muscle,763.72,Performance,E-commerce Retailer
639542,Male,24,6.3999999999999995,Build muscle,831.0,Performance,E-commerce Retailer
144238,Male,23,8.0,General health,780.61,Yoga,E-commerce Retailer
101252,Female,22,6.2,Endurance training,336.84,Accessories,Brand Website
926196,Male,32,5.9,Build muscle,683.5,Performance,Physical Retailer
964141,Male,23,5.5,Build muscle,941.24,Outerwear,Physical Retailer
585450,Male,25,5.4,Fat loss,811.48,,Physical Retailer
415826,Male,27,7.4,Fat loss,773.83,Outerwear,Physical Retailer
421638,Female,31,6.6,Build muscle,691.66,Leisure,E-commerce Retailer
705605,Male,27,,General health,600.21,Performance,Brand Website
427359,Female,19,7.1000000000000005,Build muscle,958.9,Outerwear,E-commerce Retailer
702875,Female,21,6.3,Build muscle,908.97,Yoga,E-commerce Retailer
106949,Female,24,6.2,Endurance training,720.82,Performance,E-commerce Retailer
863185,Male,18,6.2,Build muscle,914.47,Performance,E-commerce Retailer
417537,Male,22,6.3,General health,938.37,Performance,Physical Retailer
828913,Female,29,4.5,General health,753.09,Leisure,E-commerce Retailer
762301,Female,23,7.1,General health,895.54,Performance,Physical Retailer
650222,Female,31,,Build muscle,649.1,Outerwear,E-commerce Retailer
880722,Male,27,5.3,Build muscle,587.48,Performance,Brand Website
555102,Male,28,6.7,Build muscle,854.78,Leisure,Physical Retailer
437889,Female,22,8.4,Fat loss,583.37,Footwear,Physical Retailer
576467,Female,35,5.4,General health,764.68,Performance,Physical Retailer
456600,Female,31,4.3,General health,789.13,Footwear,Physical Retailer
415557,Female,25,6.4,General health,700.87,Accessories,Physical Retailer
983671,Female,28,5.5,Flexibility,491.74,Performance,E-commerce Retailer
404462,Male,32,4.8,General health,668.28,Leisure,Physical Retailer
350875,Male,24,7.0,Build muscle,652.26,Performance,Physical Retailer
563389,Male,20,8.8,Build muscle,782.93,Performance,Physical Retailer
170390,Male,29,3.7,Endurance training,864.95,Footwear,Physical Retailer
807689,Female,32,5.5,Build muscle,723.71,Footwear,Physical Retailer
353490,Male,28,7.4,Build muscle,688.6,Performance,E-commerce Retailer
